<application>
  <component name="Trusted.Paths">
    <option name="TRUSTED_PROJECT_PATHS">
      <map>
        <entry key="C:\Code\ArduinoTest" value="true" />
        <entry key="C:\Code\C++" value="true" />
        <entry key="C:\Code\C++Test" value="true" />
        <entry key="C:\Users\31696\Desktop\cuda_demo-main" value="true" />
        <entry key="C:\Users\Lenovo\Desktop\A" value="true" />
        <entry key="C:\Users\Lenovo\Desktop\RendererBuild-main" value="true" />
        <entry key="C:\Users\Lenovo\Desktop\RendererParallel" value="true" />
        <entry key="C:\Users\Lenovo\Desktop\RendererParallel-main" value="true" />
        <entry key="C:\Users\Lenovo\Desktop\RendererTest-main" value="true" />
        <entry key="C:\Users\Lenovo\Desktop\test" value="true" />
        <entry key="C:\Users\Lenovo\Desktop\untitled" value="true" />
        <entry key="C:\Users\Lenovo\Downloads\Compressed\CUDAClionStarterProject-master" value="true" />
        <entry key="D:\C-Test" value="true" />
        <entry key="D:\Code\C++Test" value="true" />
        <entry key="D:\Code\C-Test" value="true" />
        <entry key="D:\Code\Web" value="true" />
        <entry key="E:\Code\C++Test" value="true" />
        <entry key="E:\Code\C-Test" value="true" />
        <entry key="E:\Code\CUDA-Test" value="true" />
        <entry key="E:\Code\Simulation\CUDA\RendererParallel" value="true" />
        <entry key="E:\Code\Simulation\ClientTest" value="true" />
        <entry key="E:\Code\Simulation\RendererBuild" value="true" />
        <entry key="E:\Code\Simulation\RendererClient" value="true" />
        <entry key="E:\Code\Simulation\RendererGUI" value="true" />
        <entry key="E:\Code\Simulation\RendererParallel" value="true" />
        <entry key="E:\Code\Simulation\RendererTest" value="true" />
        <entry key="E:\Code\Tests\ElectronTest" value="true" />
        <entry key="E:\Code\Tests\MCPTest" value="true" />
        <entry key="E:\Code\Web" value="true" />
        <entry key="F:\Code\C-Test" value="true" />
        <entry key="F:\Code\CUDA-Test" value="true" />
      </map>
    </option>
  </component>
  <component name="Trusted.Paths.Settings">
    <option name="TRUSTED_PATHS">
      <list>
        <option value="C:\Code" />
        <option value="C:\Users\Lenovo\Desktop" />
      </list>
    </option>
  </component>
</application>