<application>
  <component name="DimensionService">
    <location key="find.popup.0.0.3840.2160@168dpi" x="1379" y="224" />
    <location key="find.popup.0.0.3840.2160@192dpi" x="1450" y="260" />
    <size key="GridCell.Tab.0.left.0.0.3840.2160@168dpi" width="3700" height="618" />
    <size key="GridCell.Tab.0.center.0.0.3840.2160@168dpi" width="3700" height="618" />
    <size key="GridCell.Tab.0.right.0.0.3840.2160@168dpi" width="3700" height="618" />
    <size key="GridCell.Tab.0.bottom.0.0.3840.2160@168dpi" width="3700" height="618" />
    <size key="find.popup.0.0.3840.2160@168dpi" width="1290" height="1707" />
    <size key="GridCell.Tab.0.left.0.0.3840.2160@192dpi" width="3678" height="350" />
    <size key="GridCell.Tab.0.center.0.0.3840.2160@192dpi" width="3678" height="350" />
    <size key="GridCell.Tab.0.right.0.0.3840.2160@192dpi" width="3678" height="350" />
    <size key="GridCell.Tab.0.bottom.0.0.3840.2160@192dpi" width="3678" height="350" />
    <size key="GridCell.Tab.1.left.0.0.3840.2160@192dpi" width="3678" height="686" />
    <size key="GridCell.Tab.1.center.0.0.3840.2160@192dpi" width="3678" height="686" />
    <size key="GridCell.Tab.1.right.0.0.3840.2160@192dpi" width="3678" height="686" />
    <size key="GridCell.Tab.1.bottom.0.0.3840.2160@192dpi" width="3678" height="686" />
    <size key="GridCell.Tab.2.left.0.0.3840.2160@192dpi" width="3678" height="686" />
    <size key="GridCell.Tab.2.center.0.0.3840.2160@192dpi" width="3678" height="686" />
    <size key="GridCell.Tab.2.right.0.0.3840.2160@192dpi" width="3678" height="686" />
    <size key="GridCell.Tab.2.bottom.0.0.3840.2160@192dpi" width="3678" height="686" />
    <size key="GridCell.Tab.3.left.0.0.3840.2160@192dpi" width="3678" height="686" />
    <size key="GridCell.Tab.3.center.0.0.3840.2160@192dpi" width="3678" height="686" />
    <size key="GridCell.Tab.3.right.0.0.3840.2160@192dpi" width="3678" height="686" />
    <size key="GridCell.Tab.3.bottom.0.0.3840.2160@192dpi" width="3678" height="686" />
    <size key="find.popup.0.0.3840.2160@192dpi" width="1278" height="1300" />
  </component>
  <component name="WindowManager">
    <frame x="-14" y="-14" width="3866" height="2106" extendedState="6" />
  </component>
  <component name="WindowStateApplicationService">
    <state width="430" height="135" key="ShowUsagesActions.dimensionServiceKey" timestamp="1756184230220">
      <screen x="0" y="0" width="1920" height="1040" />
    </state>
    <state width="430" height="135" key="ShowUsagesActions.dimensionServiceKey/0.0.1920.1040" timestamp="1756184230220" />
    <state width="422" height="111" key="ShowUsagesActions.dimensionServiceKey/0.0.2194.1194" timestamp="1755955225109" />
    <state x="960" y="455" width="800" height="650" key="WELCOME_SCREEN" timestamp="1756265733511">
      <screen x="0" y="0" width="1920" height="1040" />
    </state>
    <state x="960" y="455" width="800" height="650" key="WELCOME_SCREEN/0.0.1920.1040" timestamp="1756265733511" />
    <state x="1097" y="506" width="800" height="650" key="WELCOME_SCREEN/0.0.2194.1194" timestamp="1755965627968" />
  </component>
</application>