<keymap version="1" name="Windows Proper Redo" parent="$default">
  <action id="$Redo">
    <keyboard-shortcut first-keystroke="shift ctrl z" />
    <keyboard-shortcut first-keystroke="shift alt back_space" />
    <keyboard-shortcut first-keystroke="ctrl y" />
  </action>
  <action id="CMake.ReloadCMakeProject">
    <keyboard-shortcut first-keystroke="ctrl windows" />
  </action>
  <action id="EditorDeleteLine">
    <keyboard-shortcut first-keystroke="shift back_space" />
  </action>
  <action id="EditorStartNewLineBefore" />
  <action id="HideAllWindows" />
  <action id="JumpToLastWindow" />
  <action id="MarkObjectAction.Frontend" />
  <action id="ParameterInfo">
    <keyboard-shortcut first-keystroke="alt p" />
  </action>
  <action id="QuickActionPopup" />
  <action id="Run">
    <keyboard-shortcut first-keystroke="f11" />
    <keyboard-shortcut first-keystroke="ctrl alt enter" />
  </action>
  <action id="ShowBookmarks" />
  <action id="ToggleBookmark" />
</keymap>